Model,Parameters,Test Accuracy (mean),Test Accuracy (std),ROC-AUC (mean),ROC-AUC (std)
GRU (hidden=128),50562,0.9722222222222223,0.015493704195075461,0.9907064471879286,0.006292095989673367
LSTM (hidden=32),4546,0.9722222222222223,0.015493704195075461,0.9910493827160494,0.00602864662368882
LSTM (hidden=128),67330,0.9722222222222223,0.013094570021973099,0.9913923182441702,0.00512157879357871
RNN (hidden=32),1186,0.9722222222222221,0.015493704195075475,0.9887174211248284,0.009554555545369669
GRU (hidden=64),12994,0.9722222222222221,0.013094570021973099,0.9907064471879286,0.006414269638265103
GRU (hidden=32),3426,0.9703703703703704,0.0148148148148148,0.9887174211248286,0.007292844719352414
LSTM (hidden=64),17282,0.9703703703703704,0.012283795519834802,0.9919410150891632,0.00507266449577517
RNN (hidden=64),4418,0.9685185185185186,0.015044515564140666,0.9881687242798354,0.009065440848710308
RNN (hidden=128),17026,0.9685185185185186,0.019065981742568523,0.9899519890260631,0.006901103554515935
