Model,Parameters,Test Accuracy (mean),Test Accuracy (std),ROC-AUC (mean),ROC-AUC (std)
LSTM (hidden=64),17282,0.9722222222222223,0.013094570021973099,0.9920781893004115,0.005119282018364077
GRU (hidden=64),12994,0.9722222222222221,0.013094570021973099,0.990843621399177,0.006045399931253863
RNN (hidden=64),4418,0.9703703703703704,0.012283795519834802,0.9876886145404663,0.009291211444342093
