Model,Description,Parameters,Test Accuracy,Precision,Recall,F1-Score,ROC-AUC,PR-AUC,Final Train Loss,Final Test Loss,Best Epoch
RNN (hidden=64),Basic RNN,4418,0.9722222222222222,0.963598901098901,0.9629629629629629,0.96295025728988,0.9825102880658436,0.9864917286300412,0.11542996098952633,0.21220669709146023,11
LSTM (hidden=64),LSTM,17282,0.9722222222222222,0.9629629629629629,0.9629629629629629,0.9629629629629629,0.9838820301783264,0.9863201476438348,0.1126715989251222,0.19265978410840034,8
GRU (hidden=64),GRU,12994,0.9537037037037037,0.955108359133127,0.9537037037037037,0.9536679536679536,0.9814814814814814,0.9858918445378094,0.10878425823258502,0.19895992521196604,5
