layer,shape,num_params,mean,std,min,max
gru.weight_ih_l0,"(192, 1)",192,-0.015515678562223911,0.09565521031618118,-0.22493253648281097,0.18044079840183258
gru.weight_hh_l0,"(192, 64)",12288,-0.0006217944319359958,0.08558602631092072,-0.35857659578323364,0.2718806862831116
gru.bias_ih_l0,"(192,)",192,0.005843510385602713,0.07902323454618454,-0.13815084099769592,0.20706161856651306
gru.bias_hh_l0,"(192,)",192,0.008587590418756008,0.07430186122655869,-0.14127185940742493,0.22939646244049072
fc.weight,"(2, 64)",128,0.0029864534735679626,0.10974542796611786,-0.19315995275974274,0.1900189369916916
fc.bias,"(2,)",2,-0.03921796381473541,0.06263118237257004,-0.10184914618730545,0.023413216695189476
