layer,shape,num_params,mean,std,min,max
lstm.weight_ih_l0,"(512, 1)",512,-0.004406843800097704,0.08697006106376648,-0.17328885197639465,0.1919446885585785
lstm.weight_hh_l0,"(512, 128)",65536,-0.00039204509812407196,0.05776616185903549,-0.1759747862815857,0.16592855751514435
lstm.bias_ih_l0,"(512,)",512,0.009613990783691406,0.05113266780972481,-0.09835328161716461,0.13466282188892365
lstm.bias_hh_l0,"(512,)",512,0.009956461377441883,0.052786607295274734,-0.09926258772611618,0.12787094712257385
fc.weight,"(2, 128)",256,-0.0005840416997671127,0.08171813935041428,-0.1486341804265976,0.15064145624637604
fc.bias,"(2,)",2,-0.003665132448077202,0.06248781830072403,-0.06615295261144638,0.05882268771529198
