layer,shape,num_params,mean,std,min,max
gru.weight_ih_l0,"(384, 1)",384,-0.00416665431112051,0.06788931041955948,-0.16164365410804749,0.14011886715888977
gru.weight_hh_l0,"(384, 128)",49152,0.0007292526424862444,0.05848953127861023,-0.2677937150001526,0.2824925482273102
gru.bias_ih_l0,"(384,)",384,0.0012579845497384667,0.05307520180940628,-0.11670781672000885,0.12441328912973404
gru.bias_hh_l0,"(384,)",384,0.011623830534517765,0.052437931299209595,-0.1099231094121933,0.14282897114753723
fc.weight,"(2, 128)",256,-0.005701852031052113,0.07300043106079102,-0.12816108763217926,0.1257362961769104
fc.bias,"(2,)",2,-0.04735757037997246,0.041927631944417953,-0.08928520232439041,-0.00542993750423193
