layer,shape,num_params,mean,std,min,max
gru.weight_ih_l0,"(96, 1)",96,-0.029611384496092796,0.1368362307548523,-0.3030454218387604,0.2465369999408722
gru.weight_hh_l0,"(96, 32)",3072,0.0050946795381605625,0.12295317649841309,-0.3447067141532898,0.36708560585975647
gru.bias_ih_l0,"(96,)",96,-0.007597765419632196,0.10471740365028381,-0.19700555503368378,0.2792753279209137
gru.bias_hh_l0,"(96,)",96,0.014090172946453094,0.11799649149179459,-0.1809605062007904,0.24700160324573517
fc.weight,"(2, 32)",64,-0.032169029116630554,0.1602977067232132,-0.30356788635253906,0.2801956236362457
fc.bias,"(2,)",2,-0.11735619604587555,0.006084118038415909,-0.12344031780958176,-0.11127208173274994
