layer,shape,num_params,mean,std,min,max
rnn.weight_ih_l0,"(32, 1)",32,-0.017789214849472046,0.1310568004846573,-0.24116140604019165,0.2312837392091751
rnn.weight_hh_l0,"(32, 32)",1024,0.0026199156418442726,0.11528196185827255,-0.40429601073265076,0.36840328574180603
rnn.bias_ih_l0,"(32,)",32,0.030734345316886902,0.09628994017839432,-0.17773471772670746,0.16912874579429626
rnn.bias_hh_l0,"(32,)",32,-0.004329446703195572,0.08656804263591766,-0.16697074472904205,0.1646263152360916
fc.weight,"(2, 32)",64,0.0024902415461838245,0.15002404153347015,-0.26413652300834656,0.2757072150707245
fc.bias,"(2,)",2,-0.13577759265899658,0.002343684434890747,-0.13812127709388733,-0.13343390822410583
