layer,shape,num_params,mean,std,min,max
rnn.weight_ih_l0,"(128, 1)",128,-0.006432074587792158,0.08015654236078262,-0.1469624936580658,0.14810281991958618
rnn.weight_hh_l0,"(128, 128)",16384,0.00019103652448393404,0.05276395007967949,-0.1410367339849472,0.15271344780921936
rnn.bias_ih_l0,"(128,)",128,-0.002097773365676403,0.05083804950118065,-0.09314229339361191,0.08718877285718918
rnn.bias_hh_l0,"(128,)",128,0.0014251451939344406,0.04551813751459122,-0.0849059671163559,0.08355484157800674
fc.weight,"(2, 128)",256,0.001060721930116415,0.0761052593588829,-0.13827380537986755,0.1376093626022339
fc.bias,"(2,)",2,0.005087617784738541,0.007312019355595112,-0.002224401105195284,0.012399637140333652
