layer,shape,num_params,mean,std,min,max
lstm.weight_ih_l0,"(128, 1)",128,0.002229614183306694,0.16044937074184418,-0.31479495763778687,0.32696592807769775
lstm.weight_hh_l0,"(128, 32)",4096,-0.01482065673917532,0.1283898800611496,-0.3500448167324066,0.32955801486968994
lstm.bias_ih_l0,"(128,)",128,0.03907658904790878,0.1091499850153923,-0.19920505583286285,0.25139132142066956
lstm.bias_hh_l0,"(128,)",128,0.020325958728790283,0.10551399737596512,-0.19176572561264038,0.29166290163993835
fc.weight,"(2, 32)",64,0.003741807071492076,0.18499155342578888,-0.3126471936702728,0.3232431709766388
fc.bias,"(2,)",2,0.13695847988128662,0.001547493040561676,0.13541097939014435,0.1385059654712677
