layer,shape,num_params,mean,std,min,max
rnn.weight_ih_l0,"(64, 1)",64,0.005696533247828484,0.09889574348926544,-0.16964471340179443,0.17349189519882202
rnn.weight_hh_l0,"(64, 64)",4096,0.0028111296705901623,0.0757264718413353,-0.2056376338005066,0.17529822885990143
rnn.bias_ih_l0,"(64,)",64,0.0038979339879006147,0.07362626492977142,-0.12448888272047043,0.12261282652616501
rnn.bias_hh_l0,"(64,)",64,0.002046681707724929,0.06683662533760071,-0.10340628772974014,0.12228260934352875
fc.weight,"(2, 64)",128,0.003275423776358366,0.11057759076356888,-0.19297440350055695,0.19595220685005188
fc.bias,"(2,)",2,0.04397810623049736,0.036696333438158035,0.007281774189323187,0.0806744396686554
