Model,Parameters,Test Accuracy (mean),Test Accuracy (std),ROC-AUC (mean),ROC-AUC (std)
RNN (hidden=64),4418,0.9722222222222223,0.02070433312499807,0.9879286694101509,0.011971151840478157
GRU (hidden=64),12994,0.9722222222222223,0.017073230476468332,0.9921810699588478,0.007181695535093776
LSTM (hidden=64),17282,0.9703703703703704,0.01481481481481484,0.9924554183813443,0.006080702403100562
