Model,Parameters,Test Accuracy (mean),Test Accuracy (std),ROC-AUC (mean),ROC-AUC (std)
GRU (hidden=128),50562,0.975925925925926,0.018610880779853522,0.9903978052126201,0.007759745198206307
LSTM (hidden=128),67330,0.9740740740740741,0.01697250257391054,0.9932784636488339,0.005703874591575275
RNN (hidden=128),17026,0.9722222222222223,0.02070433312499807,0.989849108367627,0.007568238257412199
RNN (hidden=64),4418,0.9722222222222221,0.018975834751777054,0.9890260631001372,0.011879635168510828
LSTM (hidden=64),17282,0.9722222222222221,0.014930106941293635,0.9932784636488339,0.005834340279324209
RNN (hidden=32),1186,0.9703703703703704,0.018885257457751076,0.9902606310013716,0.009292477121777767
GRU (hidden=64),12994,0.9703703703703704,0.01481481481481484,0.9916323731138545,0.008079316500755685
LSTM (hidden=32),4546,0.9703703703703704,0.01481481481481484,0.9925925925925926,0.0074428861268864355
GRU (hidden=32),3426,0.9666666666666666,0.013857990321384996,0.988477366255144,0.010250502986156072
